[
  {
    "title": "God In Your Pocket: Manifesting the Realm of All Possibilities through Divine Protocols",
    "author": "LaVonne DeVoise",
    "status": "available",
    "category": "God in Your Pocket",
    "cover": "/books/god-in-your-pocket-manifesting-realm.png",
    "buyUrl": "https://a.co/d/6fI2vgw",
    "tagline": "A practical, spiritual blueprint for alignment, faith, and manifestation through divine protocols.",
    "highlights": ["Divine-protocol framework", "Mindset + spiritual alignment", "Actionable guidance"],
    "format": ["Print", "Kindle"],
    "price": null
  },
  {
    "title": "The Book of Decrees: The Complete Covenant Compendium (Molten Lava Edition)",
    "author": "LaVonne DeVoise",
    "status": "available",
    "category": "Covenant",
    "cover": "/books/book-of-decrees.png",
    "buyUrl": "https://a.co/d/dpIMTDu",
    "tagline": "A decree vault designed to train your mouth, command your atmosphere, and stay in alignment.",
    "highlights": ["Covenant language", "Daily decrees", "Identity + authority"],
    "format": ["Print", "Kindle"],
    "price": null
  },
  {
    "title": "From God's Point of View: Raising a Child the Way God Raises You",
    "author": "LaVonne DeVoise",
    "status": "available",
    "category": "Family",
    "cover": "/books/from-gods-point-of-view.jpg",
    "buyUrl": "https://a.co/d/gLy1jea",
    "tagline": "A parenting perspective rooted in spiritual identity, patience, and purpose.",
    "highlights": ["Family alignment", "Spiritual development", "Legacy parenting"],
    "format": ["Print", "Kindle"],
    "price": null
  },
  {
    "title": "God In Your Pocket: The Water Covenant",
    "author": "LaVonne DeVoise",
    "status": "coming_soon",
    "category": "God in Your Pocket",
    "cover": "/books/god-in-your-pocket-water-covenant.png",
    "buyUrl": null,
    "tagline": "A covenant-centered teaching on water, cleansing, agreement, and spiritual authority.",
    "highlights": ["Covenant study", "Purity + alignment", "Prayer + practice"],
    "format": ["Print", "Kindle"],
    "price": null
  },
  {
    "title": "Heaven: A Place or a Position?",
    "author": "LaVonne DeVoise",
    "status": "coming_soon",
    "category": "Spirituality",
    "cover": "/books/heaven-a-place-or-a-position.jpg",
    "buyUrl": null,
    "tagline": "A perspective shift on heaven as an internal position before it becomes an external destination.",
    "highlights": ["Kingdom consciousness", "Identity", "Perspective"],
    "format": ["Print", "Kindle"],
    "price": null
  },
  {
    "title": "The Mindset of Christ: Performance Edition",
    "author": "LaVonne DeVoise",
    "status": "coming_soon",
    "category": "Mindset",
    "cover": "/books/mindset-of-christ-performance-edition.jpg",
    "buyUrl": null,
    "tagline": "Mental discipline, spiritual mastery, and performance habits anchored in kingdom thinking.",
    "highlights": ["High-performance mindset", "Spiritual + practical", "Daily application"],
    "format": ["Print", "Kindle"],
    "price": null
  },
  {
    "title": "The Shifter: Change the Frequency, Command the Room",
    "author": "LaVonne DeVoise",
    "status": "coming_soon",
    "category": "Ascension",
    "cover": "/books/the-shifter.png",
    "buyUrl": null,
    "tagline": "A frequency-first playbook for identity upgrades, presence, and influence.",
    "highlights": ["Frequency framework", "Identity shift", "Leadership + presence"],
    "format": ["Print", "Kindle"],
    "price": null
  },
  {
    "title": "Growth: When the Survivor Aligns with the Thriver in You",
    "author": "LaVonne DeVoise",
    "status": "coming_soon",
    "category": "Growth",
    "cover": "/books/growth.png",
    "buyUrl": null,
    "tagline": "A transformation journey from survival patterns into thriving alignment.",
    "highlights": ["Healing + growth", "Alignment", "Next-level identity"],
    "format": ["Print", "Kindle"],
    "price": null
  },
  {
    "title": "Egypt Again: Prophecy in Plain Sight",
    "author": "LaVonne DeVoise",
    "status": "coming_soon",
    "category": "Prophecy",
    "cover": "/books/egypt-again.jpg",
    "buyUrl": null,
    "tagline": "A prophetic lens on patterns, systems, and the spiritual language of history.",
    "highlights": ["Prophetic perspective", "Pattern recognition", "Spiritual clarity"],
    "format": ["Print", "Kindle"],
    "price": null
  },
  {
    "title": "Covenant Healing Through Divine Protocols",
    "author": "LaVonne DeVoise",
    "status": "coming_soon",
    "category": "Healing Protocols",
    "cover": "/books/covenant-healing-through-divine-protocols.jpg",
    "buyUrl": null,
    "tagline": "A holistic guide that blends faith, discipline, and practical healing protocols.",
    "highlights": ["Holistic healing", "Bible-based guidance", "Protocol format"],
    "format": ["Print", "Kindle"],
    "price": null
  }
]
