[
  {
    "title": "Ascension Masterclass",
    "status": "registration_open",
    "description": "High-impact training on identity, alignment, and execution — designed to move you forward fast.",
    "cta": { "label": "Join the Waitlist", "href": "/contact" }
  },
  {
    "title": "Zoom Intensives",
    "status": "limited_seats",
    "description": "Short, tactical sessions to unlock clarity, build your e-book pipeline, and create a real plan.",
    "cta": { "label": "Get Notified", "href": "/contact" }
  }
]
