[
  {
    "name": "Strategy Session — Clarity & Roadmap",
    "price": 47,
    "duration": "Up to 45 minutes + Q&A (max 60 minutes)",
    "description": "Quick-entry session to clarify your message, your audience, and your e-book angle — then leave with a clean roadmap.",
    "includes": [
      "One Zoom call",
      "Clarity on topic + positioning",
      "Next steps roadmap"
    ],
    "cta": { "label": "Book a $47 Session", "href": "/contact" }
  },
  {
    "name": "Done-For-You E-Book Creation",
    "price": 397,
    "duration": "Project-based",
    "description": "We convert your message and story into a structured, written e-book. Professional formatting included. Ready to publish.",
    "includes": [
      "One custom e-book",
      "Professional formatting",
      "One round of minor revisions"
    ],
    "cta": { "label": "Start Your E-Book", "href": "/contact" }
  },
  {
    "name": "E-Book Masterclass & Coaching Program",
    "price": 2500,
    "duration": "Coaching container",
    "description": "Guided, live coaching to plan, write, and position your e-book as a high-authority asset. Deposit available; pay-in-full discount.",
    "includes": [
      "Live coaching + accountability",
      "Authority positioning",
      "Launch-ready structure"
    ],
    "cta": { "label": "Join Coaching", "href": "/contact" }
  }
]
