[
  {
    "name": "Client (E-Book Delivery)",
    "result": "Fast turnaround + professional structure",
    "quote": "I came in with scattered notes and left with a clean, publish-ready e-book that actually sounds like me.",
    "service": "Done-For-You E-Book"
  },
  {
    "name": "Coaching Client",
    "result": "Clarity + confidence",
    "quote": "The framework gave me a real roadmap. I stopped overthinking and started executing.",
    "service": "Strategy Session"
  },
  {
    "name": "Ascension 14 Member",
    "result": "Consistency + identity shift",
    "quote": "My discipline changed. My energy changed. My results followed.",
    "service": "Ascension 14"
  }
]
